{"cameraMode":{"drawMode":0,"name":"Shaded","section":"Shading Mode"},"sceneLighting":true,"audioPlay":false,"sceneViewState":{"m_AlwaysRefresh":false,"showFog":true,"showSkybox":true,"showFlares":true,"showImageEffects":true,"showParticleSystems":true,"showVisualEffectGraphs":true,"m_FxEnabled":true},"in2DMode":false,"pivot":{"x":-14.859479904174805,"y":-22.11438751220703,"z":27.388132095336915},"rotation":{"x":-0.19586922228336335,"y":-0.09074977040290833,"z":0.018294183537364007,"w":-0.9763185977935791},"size":32.5079231262207,"orthographic":false}