{"cameraMode":{"drawMode":0,"name":"Shaded","section":"Shading Mode"},"sceneLighting":true,"audioPlay":false,"sceneViewState":{"m_AlwaysRefresh":false,"showFog":true,"showSkybox":true,"showFlares":true,"showImageEffects":true,"showParticleSystems":true,"showVisualEffectGraphs":true,"m_FxEnabled":true},"in2DMode":false,"pivot":{"x":-27.549732208251954,"y":2.321702480316162,"z":4.716211795806885},"rotation":{"x":0.002908123657107353,"y":-0.6342796683311462,"z":0.0026033278554677965,"w":0.7732105255126953},"size":13.356804847717286,"orthographic":false}