{"cameraMode":{"drawMode":0,"name":"Shaded","section":"Shading Mode"},"sceneLighting":true,"audioPlay":false,"sceneViewState":{"m_AlwaysRefresh":false,"showFog":true,"showSkybox":true,"showFlares":true,"showImageEffects":true,"showParticleSystems":true,"showVisualEffectGraphs":true,"m_FxEnabled":true},"in2DMode":false,"pivot":{"x":0.24477243423461915,"y":1.2103767395019532,"z":10.083802223205567},"rotation":{"x":0.07539375126361847,"y":0.10897775739431381,"z":-0.008146134205162526,"w":0.9912254810333252},"size":10.718181610107422,"orthographic":false}