{"cameraMode":{"drawMode":0,"name":"Shaded","section":"Shading Mode"},"sceneLighting":false,"audioPlay":false,"sceneViewState":{"m_AlwaysRefresh":false,"showFog":true,"showSkybox":false,"showFlares":true,"showImageEffects":true,"showParticleSystems":true,"showVisualEffectGraphs":true,"m_FxEnabled":true},"in2DMode":false,"pivot":{"x":-0.010985374450683594,"y":1.6020002365112305,"z":-6.826258182525635},"rotation":{"x":-0.1469726711511612,"y":0.2928578853607178,"z":-0.04560532420873642,"w":-0.9436953067779541},"size":12.220361709594727,"orthographic":false}