{"cameraMode":{"drawMode":0,"name":"Shaded","section":"Shading Mode"},"sceneLighting":false,"audioPlay":false,"sceneViewState":{"m_AlwaysRefresh":false,"showFog":true,"showSkybox":false,"showFlares":true,"showImageEffects":true,"showParticleSystems":true,"showVisualEffectGraphs":true,"m_FxEnabled":true},"in2DMode":false,"pivot":{"x":-5.587878227233887,"y":-19.53798484802246,"z":80.55018615722656},"rotation":{"x":0.1167249009013176,"y":0.013701023533940316,"z":-0.0016051960410550237,"w":0.9930978417396545},"size":43.16077423095703,"orthographic":false}